"","SNP","beta.outcome","se.outcome","effect_allele.outcome","other_allele.outcome","eaf.outcome","pval.outcome","chrpos.outcome","chrpos","other_allele.exposure","effect_allele.exposure","eaf.exposure","beta.exposure","se.exposure","gene.exposure","Wald","Waldvar","lab"
"1","rs1557341",-0.00374,0.00209,"C","A",0.645,0.0743,"18:35127427","18:35127427","C","A",0.3503,-0.015,0.002,"CELF4",0.249333333333333,0.0194137777777778,"rs1557341 CELF4"
"2","rs2921036",-0.00259,0.00193,"C","T",0.533,0.18,"8:8363897","8:8363897","C","T",0.5017,-0.02,0.003,"SGK223",0.1295,0.00931225,"rs2921036 SGK223"
"3","rs56318386",0.000256,0.00229,"T","C",0.205,0.916,"9:11703892","9:11703892","T","C",0.7704,-0.015,0.002,"TYRP1",-0.0170666666666667,0.0233071111111111,"rs56318386 TYRP1"
"4","rs716804",0.00201,0.00192,"T","C",0.467,0.3,"11:10247295","11:10247295","C","T",0.5085,-0.013,0.002,"SBF2",-0.154615384615385,0.0218130177514793,"rs716804 SBF2"
